{"cameraMode":{"drawMode":0,"name":"Shaded","section":"Shading Mode"},"sceneLighting":true,"audioPlay":false,"sceneViewState":{"showFog":true,"showMaterialUpdate":true,"showSkybox":true,"showFlares":true,"showImageEffects":true,"showParticleSystems":true},"in2DMode":false,"pivot":{"x":6.228643894195557,"y":-2.638387441635132,"z":7.364965438842773},"rotation":{"x":-0.1249883770942688,"y":-0.34077754616737368,"z":0.045765992254018787,"w":-0.9306739568710327},"size":9.390952110290528,"orthographic":false}